class,scientific_name,common_name
Amphibia,osteopilus septentrionalis,cuban tree frog
Amphibia,pseudobufo subasper,false toad
Amphibia,melanophryniscus stelzneri,stelzner's toad
Amphibia,pelobates fuscus,common spadefoot
Amphibia,hyla cinerea,american green tree frog
Amphibia,rana dalmatina,agile frog
Amphibia,incilius alvarius,colorado river toad
Amphibia,atelopus zeteki,panamanian golden frog
Amphibia,phyllodytes edelmoi,edelmoi's bromeliad frog
Amphibia,neobatrachus centralis,central spadefoot frog
Amphibia,hypsiboas punctatus,spotted tree frog
Amphibia,pristimantis petersi,peters' rain frog
Amphibia,plethodon glutinosus,slimy salamander
Amphibia,limnodynastes tasmaniensis,tasmanian frog
Amphibia,hynobius nebulosus,cloudy salamander
Amphibia,limnonectes larvaepartus,mouth-brooding frog
Amphibia,caudacaecilia tentaculata,tentacled caecilian
Amphibia,oreolalax major,major toad
Amphibia,microhyla ornata,ornate narrow-mouthed frog
Amphibia,ichthyophis bombayensis,bombay caecilian
Amphibia,ranoidea nannotis,mountain frog
Amphibia,siren lacertina,greater siren
Amphibia,phyllodytes luteolus,yellow bromeliad frog
Amphibia,centrolene geckoideum,gecko glass frog
Amphibia,raorchestes tinniens,chubby bush frog
Amphibia,xenopus laevis,african clawed frog
Amphibia,microcaecilia dermatophaga,dermatophagous caecilian
Amphibia,dicamptodon tenebrosus,coastal giant salamander
Amphibia,ensatina eschscholtzii,ensatina salamander
Amphibia,xenopus tropicalis,western clawed frog
Amphibia,spea multiplicata,mexican spadefoot toad
Amphibia,flectonotus fitzgeraldi,fitzgerald's frog
Amphibia,barygenys exsul,exsul frog
Amphibia,vitreorana helenae,helena's glass frog
Amphibia,thorius pennatulus,minute salamander
Amphibia,chiasmocleis ventrimaculata,ventrimaculate frog
Amphibia,ascaphus truei,tailed frog
Amphibia,trachycephalus resinifictrix,resin tree frog
Amphibia,duttaphrynus melanostictus,asian common toad
Amphibia,nyctimantis rugiceps,rugiceps frog
Amphibia,kassina senegalensis,senegal running frog
Amphibia,telmatobius culeus,titicaca water frog
Amphibia,anaxyrus boreas,boreal toad
Amphibia,speleomantes imperialis,imperial cave salamander
Amphibia,proceratophrys boiei,boie's horned frog
Amphibia,rana pipiens,northern leopard frog
Amphibia,eleutherodactylus fuscus,dusky rain frog
Amphibia,ranoidea raniformis,growling grass frog
Amphibia,discoglossus pictus,painted frog
Amphibia,philoria frosti,frost's frog
Amphibia,mixophyes balbus,stuttering frog
Amphibia,ambystoma mexicanum,axolotl
Amphibia,eleutherodactylus limbatus,striped rain frog
Amphibia,limnonectes fragilis,fragile fanged frog
Amphibia,centrolene prosoblepon,fleischmann's glass frog
Amphibia,hylodes phyllodes,rocket frog
Amphibia,platymantis pelewensis,pelew frog
Amphibia,epiperates trilineatus,three-lined frog
Amphibia,amietophrynus regularis,african common toad
Amphibia,bombina variegata,yellow-bellied toad
Amphibia,bufo gargarizans,chinese toad
Amphibia,uraeotyphlus narayani,narayani's caecilian
Amphibia,polypedates leucomystax,common tree frog
Amphibia,craugastor bransfordii,bransford's frog
Amphibia,ingerophrynus celebensis,celebes toad
Amphibia,pseudophryne corroboree,corroboree frog
Amphibia,taudactylus diurnus,diurnal frog
Amphibia,litoria moorei,moore's tree frog
Amphibia,cardioglossa gracilipes,long-legged frog
Amphibia,hyperolius viridiflavus,african reed frog
Amphibia,litoria peronii,peron's tree frog
Amphibia,astylosternus diadematus,diademate frog
Amphibia,austrochaperina arboricola,tree frog
Amphibia,cryptobranchus alleganiensis,hellbender
Amphibia,excidobates mysteriosus,mysterious poison frog
Amphibia,cochranella dispar,spotted glass frog
Amphibia,rhinophrynus dorsalis,mexican burrowing toad
Amphibia,leptolalax pelodytoides,common borneo frog
Amphibia,litoria infrafrenata,giant tree frog
Amphibia,oedipina complex,complex salamander
Amphibia,gyrinophilus porphyriticus,spring salamander
Amphibia,batrachuperus pinchonii,chinese mountain salamander
Amphibia,ambystoma tigrinum,tiger salamander
Amphibia,litoria aurea,green and golden bell frog
Amphibia,plethodon cinereus,red-backed salamander
Amphibia,andrias japonicus,japanese giant salamander
Amphibia,paratelmatobius gaigei,gaige's frog
Amphibia,leptobrachium asterias,malaysian horned frog
Amphibia,litoria nudidigitus,bare-digit tree frog
Amphibia,bolitoglossa vallecula,valley climbing salamander
Amphibia,litoria verreauxii,verreaux's tree frog
Amphibia,leptodactylus latrans,wolf frog
Amphibia,hyla regilla,pacific tree frog
Amphibia,kaloula pulchra,asian painted frog
Amphibia,salamandra algira,algerian salamander
Amphibia,dendrobates azureus,azure poison frog
Amphibia,smilisca phaeota,mexican tree frog
Amphibia,hynobius retardatus,japanese salamander
Amphibia,hyla meridionalis,mediterranean tree frog
Amphibia,bolitoglossa resplendens,resplendent salamander
Annelida,abarenicola pacifica,lugworm
Annelida,alciopina parasitica,parasitic worm
Annelida,amphitrite ornata,ornate worm
Annelida,aphrodita aculeata,sea mouse
Annelida,armandia maculata,orbiniid worm
Annelida,axiothella rubrocincta,cirratulid worm
Annelida,bispira volutacornis,spiral fan worm
Annelida,branchiomma bombyx,feather duster worm
Annelida,capitella capitata,opportunistic polychaete
Annelida,chaetogaster diastrophus,oligochaete worm
Annelida,chaetopterus variopedatus,parchment worm
Annelida,chaetozone setosa,polychaete worm
Annelida,chloeia flava,fireworm
Annelida,dina lineata,leech
Annelida,diopatra cuprea,tube worm
Annelida,eiseniella tetraedra,worm
Annelida,enchytraeus albidus,pot worm
Annelida,eulalia viridis,paddleworm
Annelida,eunice aphroditois,bobbit worm
Annelida,eupolymnia nebulosa,terebellid worm
Annelida,fabricia sabella,fan worm
Annelida,ficopomatus enigmaticus,keel worm
Annelida,glycera dibranchiata,bloodworm
Annelida,goniada brunnea,goniadid worm
Annelida,harmothoe extenuata,scale worm
Annelida,hediste diversicolor,ragworm
Annelida,heteromastus filiformis,capitellid worm
Annelida,hirudo medicinalis,medicinal leech
Annelida,hydroides elegans,serpulid worm
Annelida,ilyophis brunneus,cutthroat eel
Annelida,janua pagenstecheri,spiral worm
Annelida,laeonereis acuta,nereid worm
Annelida,lanice conchilega,sand mason
Annelida,lumbriculus variegatus,blackworm
Annelida,lumbricus terrestris,earthworm
Annelida,lumbrineris latreilli,lumbrinerid worm
Annelida,magelona mirabilis,magelonid worm
Annelida,malacoceros fuliginosus,spionid worm
Annelida,maldane sarsi,maldanid worm
Annelida,marphysa belli,rock worm
Annelida,megascolex australis,giant gippsland earthworm
Annelida,microphthalmus sczelkowii,intertidal worm
Annelida,nephtys caeca,catworm
Annelida,nereis virens,sandworm
Annelida,oenone fulgida,glycerid worm
Annelida,onuphis eremita,onuphid worm
Annelida,ophelia bicornis,opheliid worm
Annelida,pectinaria californiensis,trumpet worm
Annelida,phascolosoma agassizii,peanut worm
Annelida,poecilasmatorella,barnacle
Annelida,pontoporeia affinis,amphipod
Annelida,rhodochirus,priapulid worm
Annelida,sabella pavonina,peacock worm
Annelida,schistocerca gregaria,locust
Annelida,siboglinum ekmani,pogonophoran worm
Annelida,sipuncula,peanut worms
Annelida,sphaerosyllis hystrix,syllid worm
Annelida,spirographis spallanzanii,mediterranean fanworm
Annelida,sternaspis scutata,sternaspis worm
Annelida,terebella lapidaria,stone worm
Annelida,thalassema,spoon worm
Annelida,travisia forbesii,travisiid worm
Annelida,tubifex,tubifex worm
Annelida,tubifex tubifex,sludge worm
Annelida,urochorda phantasma,ghost worm
Annelida,xerobdella anulata,terrestrial leech
Arachnida,frontinella communis,bowl and doily spider
Arachnida,micaria pulicaria,ant-like spider
Arachnida,brachypelma emilia,mexican red tarantula
Arachnida,smeringopus pallidus,pale pholcid spider
Arachnida,hadronyche versuta,tree funnel-web spider
Arachnida,cheiracanthium inclusum,yellow sac spider
Arachnida,dictyna volucripes,fast-footed meshweb weaver
Arachnida,idaea dimidiata,lesser pin-marked carpet moth
Arachnida,uloborus plumipes,feather-legged lace weaver
Arachnida,lepthyphantes tenuis,money spider
Arachnida,diploplectron brunneum,blue-tailed spider wasp
Arachnida,cybaeopsis lacustris,lake spider
Arachnida,lyssacrus fragilis,glass sponge 
Arachnida,thiodina sylvana,woodland jumping spider
Arachnida,coras medicinalis,hobo spider
Arachnida,brachypelma albopilosa,mexican redknee tarantula
Arachnida,nesticus carteri,cave cobweb spider
Arachnida,harpactira pulchripes,orange baboon tarantula
Arachnida,evarcha arcuata,arched jumping spider
Arachnida,hyllus diadematus,crowned jumping spider
Arachnida,sosticus californicus,california ground spider
Arachnida,coelotes terrestris,cave spider
Arachnida,dysdera crocota,woodlouse spider
Arachnida,metellina segmentata,autumn spider
Arachnida,clynotis severus,severe jumping spider
Arachnida,clubiona phragmitis,reed spider
Arachnida,saitis barbipes,bearded jumping spider
Arachnida,brachypelma boehmei,mexican fireleg tarantula
Arachnida,adiantum aethiopicum,maidenhair spleenwort spider
Arachnida,calisoma macrura,calisoma spider
Arachnida,porrhomma pallidum,pale dwarf spider
Arachnida,agalenocosa maderiana,madeiran wolf spider
Arachnida,acanthogonatus francki,chilean rose hair tarantula
Arachnida,androctonus australis,fat-tailed scorpion
Arachnida,agelenopsis aperta,desert grass spider
Arachnida,aptostichus stephencolberti,stephen colbert's trapdoor spider
Arachnida,hogna radiata,wandering wolf spider
Arachnida,agelena labyrinthica,labyrinth spider
Arachnida,argiope bruennichi,wasp spider
Arachnida,damon diadema,tailless whip scorpion
Arachnida,holocnemus pluchei,daddy long-legs spider
Arachnida,bactrodesmium longipes,long-legged harvestman
Arachnida,liocranium rupicola,rock spider
Arachnida,deuterocopus ruber,red velvet mite
Arachnida,phidippus carneus,red-backed jumping spider
Arachnida,amaurobius similis,lace web spider
Arachnida,titanoeca nivalis,snow spider
Arachnida,euscorpius flavicaudis,small wood scorpion
Arachnida,ebrechtella timida,shy crab spider
Arachnida,metepeira labyrinthea,labyrinth orb weaver
Arachnida,synema globosum,slender crab spider
Arachnida,runcinia grammica,white-banded crab spider
Arachnida,pardosa amentata,spotted wolf spider
Arachnida,attulus pubescens,dimorphic jumping spider
Arachnida,cyrtophora citricola,tropical tent-web spider
Arachnida,oxyopes salticus,striped lynx spider
Arachnida,drassodes lapidosus,stone spider
Arachnida,bothriurus asper,chilean scorpion
Arachnida,geolycosa missouriensis,missouri tarantula
Arachnida,neoscona arabesca,arabesque orb weaver
Arachnida,dinoponera australis,giant ant
Arachnida,hentzia palmarum,palm jumping spider
Arachnida,kukulcania hibernalis,southern house spider
Arachnida,mecynidis scutata,hammock spider
Arachnida,heteropoda venatoria,giant huntsman spider
Arachnida,psilochorus simoni,long-bodied cellar spider
Arachnida,oecobius navus,wall spider
Arachnida,myrmarachne formicaria,ant-mimicking jumping spider
Arachnida,pterinochilus murinus,usambara baboon tarantula
Arachnida,haplopelma lividum,cobalt blue tarantula
Arachnida,tigrosa helluo,pirate wolf spider
Arachnida,allothele australis,australian funnel-web spider
Arachnida,brachypelma hamorii,mexican red knee tarantula
Arachnida,tmarcus viridis,green huntsman spider
Arachnida,achaearanea tepidariorum,common house spider
Arachnida,antrodiaetus unicolor,folding trapdoor spider
Arachnida,scytodes thoracica,spitting spider
Arachnida,araneus diadematus,european garden spider
Arachnida,lycosa tarantula,tarantula wolf spider
Arachnida,pisaura mirabilis,nursery web spider
Arachnida,parasteatoda lunata,false black widow spider
Arachnida,ancylometes bogotensis,bogota fishing spider
Arachnida,ixodes scapularis,deer tick
Arachnida,anasaitis canosa,twin-flagged jumping spider
Arachnida,pachygnatha clercki,long-jawed spider
Arachnida,mygalarachne brevipalpis,trapdoor spider
Arachnida,macrothele calpeiana,large funnel-web spider
Arachnida,argiope appensa,large garden spider
Arachnida,salticus scenicus,zebra jumping spider
Arachnida,avicularia metallica,metallic pinktoe tarantula
Arachnida,dolichognatha proxima,long-jawed orb weaver
Arachnida,dendrolycosa robusta,giant wolf spider
Arachnida,microhexura montivaga,appalachian spider
Arachnida,barychelus rufus,red trapdoor spider
Arachnida,latrodectus geometricus,brown widow spider
Arachnida,buthus occitanus,common yellow scorpion
Arachnida,anelosimus studiosus,social spider
Arachnida,castianeira amoena,red-spotted ant mimic
Arachnida,erigone atra,dwarf spider
Arachnida,grammostola pulchra,brazilian black tarantula
Aves,lagopus muta,rock ptarmigan
Aves,gallus gallus domesticus,chicken
Aves,quiscalus quiscula,common grackle
Aves,sturnus vulgaris,common starling
Aves,sterna dougallii,roseate tern
Aves,calypte costae,costa's hummingbird
Aves,rissa tridactyla,black-legged kittiwake
Aves,selasphorus rufus,rufous hummingbird
Aves,pandion haliaetus,osprey
Aves,struthio molybdophanes,somali ostrich
Aves,turdus migratorius,american robin
Aves,sula nebouxii,blue-footed booby
Aves,bubulcus ibis,cattle egret
Aves,cygnus olor,mute swan
Aves,pelagornis chilensis,pelagornis
Aves,prunella modularis,dunnock
Aves,casuarius unappendiculatus,northern cassowary
Aves,pterocnemia pennata,darwin's rhea
Aves,oceanodroma leucorhoa,leach's storm-petrel
Aves,cardinalis cardinalis,northern cardinal
Aves,turdus merula,common blackbird
Aves,ptychoramphus aleuticus,cassin's auklet
Aves,melanerpes carolinus,red-bellied woodpecker
Aves,larus marinus,great black-backed gull
Aves,ardea herodias,great blue heron
Aves,aepyornis maximus,elephant bird
Aves,bubo scandiacus,snowy owl
Aves,lophura nycthemera,silver pheasant
Aves,icterus galbula,baltimore oriole
Aves,apteryx haastii,great spotted kiwi
Aves,tyto alba,barn owl
Aves,alcedo atthis,common kingfisher
Aves,anas platyrhynchos,mallard
Aves,bubo bubo,eurasian eagle-owl
Aves,toxostoma curvirostre,curve-billed thrasher
Aves,himantopus mexicanus,black-necked stilt
Aves,tetrao urogallus,western capercaillie
Aves,alauda arvensis,skylark
Aves,andalgalornis steulleti,andalgalornis
Aves,colinus virginianus,northern bobwhite
Aves,grus grus,common crane
Aves,eudyptula minor,little penguin
Aves,eudocimus albus,american white ibis
Aves,poecile atricapillus,black-capped chickadee
Aves,syrmaticus reevesii,reeves's pheasant
Aves,phalacrocorax auritus,double-crested cormorant
Aves,eudyptes pachyrhynchus,fiordland crested penguin
Aves,botaurus stellaris,eurasian bittern
Aves,colaptes auratus,northern flicker
Aves,rhea americana,greater rhea
Aves,fringilla coelebs,chaffinch
Aves,morus bassanus,northern gannet
Aves,lithornis plebius,lithornis
Aves,pavo muticus,green peafowl
Aves,pernis apivorus,european honey buzzard
Aves,junco hyemalis,dark-eyed junco
Aves,larus argentatus,herring gull
Aves,perdix perdix,grey partridge
Aves,otis tarda,great bustard
Aves,aphelocoma californica,western scrub-jay
Aves,certhia familiaris,treecreeper
Aves,aptenodytes forsteri,emperor penguin
Aves,anser albifrons,greater white-fronted goose
Aves,dromaius novaehollandiae,emu
Aves,anas acuta,northern pintail
Aves,upupa epops,eurasian hoopoe
Aves,somateria mollissima,common eider
Aves,titanis walleri,titanis
Aves,cyanistes caeruleus,blue tit
Aves,rhea pennata,lesser rhea
Aves,asio flammeus,short-eared owl
Aves,tauraco persa,guinea turaco
Aves,eudromia elegans,elegant crested tinamou
Aves,tragopan satyra,satyr tragopan
Aves,bonasa bonasia,hazel grouse
Aves,phorusrhacos longissimus,phorusrhacos
Aves,emberiza schoeniclus,reed bunting
Aves,eudyptes chrysocome,rockhopper penguin
Aves,synthliboramphus antiquus,ancient murrelet
Aves,calypte anna,anna's hummingbird
Aves,aquila chrysaetos,golden eagle
Aves,diomedea exulans,wandering albatross
Aves,nycticorax nycticorax,black-crowned night heron
Aves,cuculus canorus,common cuckoo
Aves,cacatua galerita,sulphur-crested cockatoo
Aves,gastornis parisiensis,gastornis
Aves,archilochus colubris,ruby-throated hummingbird
Aves,dryocopus pileatus,pileated woodpecker
Aves,coturnix coturnix,common quail
Aves,spheniscus mendiculus,gal√°pagos penguin
Aves,falco rusticolus,gyrfalcon
Aves,lanius excubitor,great grey shrike
Aves,gavia adamsii,yellow-billed loon
Aves,numida meleagris,helmeted guineafowl
Aves,anhinga anhinga,anhinga
Aves,corythaeola cristata,go-away-bird
Aves,lagopus lagopus,willow ptarmigan
Aves,falco columbarius,merlin
Aves,melopsittacus undulatus,budgerigar
Aves,eudyptes robustus,snares penguin
Cnidaria,actinia equina,beadlet anemone
Cnidaria,actinodendron arboreum,tree anemone
Cnidaria,aequorea victoria,crystal jelly
Cnidaria,aiptasia diaphana,glass anemone
Cnidaria,amphianthus dohrnii,amphianthus
Cnidaria,anthopleura elegantissima,aggregating anemone
Cnidaria,anthopleura xanthogrammica,giant green anemone
Cnidaria,apollonias arnoldi,apollonias
Cnidaria,atolla wyvillei,atolla jellyfish
Cnidaria,aurelia aurita,moon jellyfish
Cnidaria,bolinopsis infundibulum,bolinopsis
Cnidaria,bougainvillia muscoides,hydroid
Cnidaria,bunodosoma cavernata,cavernous anemone
Cnidaria,calpasoma doliolum,doliolid
Cnidaria,candelabrum cocksii,candelabrum
Cnidaria,carybdea marsupialis,box jellyfish
Cnidaria,cassiopea xamachana,upside-down jellyfish
Cnidaria,cerianthus lloydii,dahlia anemone
Cnidaria,chrysaora quinquecirrha,sea nettle
Cnidaria,cladonema radiatum,cladonema jellyfish
Cnidaria,clava multicornis,club hydroid
Cnidaria,clavulina corrugata,coral
Cnidaria,codonorchis neocaledonica,codonorchis
Cnidaria,coeloplana willeyi,comb jelly
Cnidaria,corallium rubrum,red coral
Cnidaria,corynactis viridis,jewel anemone
Cnidaria,coryne pintneri,coryne
Cnidaria,ctenophora,comb jellies
Cnidaria,cyanea capillata,lion's mane jellyfish
Cnidaria,dendrophyllia cornigera,dendrophyllia
Cnidaria,desmonema annasethe,desmonema
Cnidaria,discomedusa philippina,discomedusa
Cnidaria,dynamena pumila,sea fir
Cnidaria,ectopleura larynx,tubularia
Cnidaria,edwardsia callimorphus,burrowing anemone
Cnidaria,eleutheria dichotoma,eleutheria
Cnidaria,euphysa flammea,euphysa
Cnidaria,favia fragum,golfball coral
Cnidaria,forskalia edwardsi,forskalia
Cnidaria,fungia fungites,mushroom coral
Cnidaria,gonactinia prolifera,proliferating anemone
Cnidaria,gonionemus vertens,clinging jellyfish
Cnidaria,haliclona oculata,sponge
Cnidaria,halistemma rubrum,halistemma
Cnidaria,heteractis magnifica,magnificent anemone
Cnidaria,hippopodius hippopus,hippopodius
Cnidaria,hydra vulgaris,hydra
Cnidaria,hydractinia echinata,hydractinia
Cnidaria,kophobelemnon stelliferum,kophobelemnon
Cnidaria,leptogorgia virgulata,sea whip
Cnidaria,leuckartiara octona,leuckartiara
Cnidaria,liriope tetraphylla,liriope
Cnidaria,lituaria philippinensis,lituaria
Cnidaria,lophelia pertusa,deep-sea coral
Cnidaria,lucernaria campanulata,stalked jellyfish
Cnidaria,macrorhynchia philippina,macrorhynchia
Cnidaria,madracis decactis,madracis coral
Cnidaria,metridium dianthus,frilled anemone
Cnidaria,millepora alcicornis,fire coral
Cnidaria,millepora platyphylla,branching fire coral
Cnidaria,mnemiopsis leidyi,leidy's comb jelly
Cnidaria,myrionema amboinense,myrionema
Cnidaria,nemopilema nomurai,nomura's jellyfish
Cnidaria,obelia geniculata,sea fur
Cnidaria,oceania armata,oceania
Cnidaria,olindias formosa,flower hat jelly
Cnidaria,palythoa caribaea,sea mat
Cnidaria,paragorgia arborea,bubblegum coral
Cnidaria,parazoanthus axinellae,parazoanthus
Cnidaria,pelagia noctiluca,mauve stinger
Cnidaria,pennaria tiarella,pennaria
Cnidaria,periphylla periphylla,helmet jellyfish
Cnidaria,phacellophora camtschatica,fried egg jellyfish
Cnidaria,physalia physalis,portuguese man-of-war
Cnidaria,plumularia plumosa,plumularia
Cnidaria,plumularia setacea,sea feather
Cnidaria,pocillopora damicornis,pocillopora coral
Cnidaria,podocoryne carnea,podocoryne
Cnidaria,porites porites,porites coral
Cnidaria,protoptilum carpenteri,sea pen
Cnidaria,pyrosoma atlanticum,pyrosome
Cnidaria,renilla reniformis,sea pansy
Cnidaria,rhizostoma pulmo,barrel jellyfish
Cnidaria,sagitta setosa,arrow worm
Cnidaria,sarsia tubulosa,sarsia
Cnidaria,schizocladium ramosum,schizocladium
Cnidaria,scleronephthya corymbosa,soft coral
Cnidaria,solmaris leucostyla,solmaris
Cnidaria,stephanoscyphus komaii,stephanoscyphus
Cnidaria,stomolophus meleagris,cannonball jellyfish
Cnidaria,stylophora pistillata,stylophora coral
Cnidaria,telesto arborea,telesto
Cnidaria,tethya aurantium,orange sponge
Cnidaria,tubularia indivisa,oaten pipes hydroid
Cnidaria,velella velella,by-the-wind sailor
Cnidaria,xenia umbellata,pulse coral
Crustacea,biffarius biformis,hermit crab
Crustacea,palaemon elegans,rockpool shrimp
Crustacea,panulirus argus,caribbean spiny lobster
Crustacea,homarus gammarus,european lobster
Crustacea,xantho hydrophilus,furrowed crab
Crustacea,orconectes limosus,spinycheek crayfish
Crustacea,macropipus puber,velvet swimming crab
Crustacea,pagurus bernhardus,common hermit crab
Crustacea,kellia suborbicularis,suborbicular pea crab
Crustacea,metapenaeus monoceros,speckled shrimp
Crustacea,caridina multidentata,amano shrimp
Crustacea,athanas nitescens,pistol shrimp
Crustacea,achelous cranchii,swimming crab
Crustacea,trypetesa nasea,barnacle (parasitic on crabs)
Crustacea,balanus balanus,northern rock barnacle
Crustacea,corallianassa longiventris,ghost shrimp
Crustacea,alpheus heterochaelis,bigclaw snapping shrimp
Crustacea,alpheus bellulus,snapping shrimp
Crustacea,dromia personata,sponge crab
Crustacea,acetes indicus,sergestid shrimp
Crustacea,clibanarius vittatus,thinstripe hermit crab
Crustacea,porcellio scaber,common woodlouse
Crustacea,orconectes rusticus,rusty crayfish
Crustacea,jasus edwardsii,red rock lobster
Crustacea,penaeus japonicus,kuruma shrimp
Crustacea,limnoria quadripunctata,gribble
Crustacea,lysmata amboinensis,cleaner shrimp
Crustacea,eualus gaimardii,northern stone crab
Crustacea,percnon gibbesi,nimble spray crab
Crustacea,gelasimus pugilator,fiddler crab
Crustacea,austropotamobius pallipes,white-clawed crayfish
Crustacea,homarus americanus,american lobster
Crustacea,calanus finmarchicus,copepod
Crustacea,austropotamobius torrentium,stone crayfish
Crustacea,calocaris macandreae,norway lobster
Crustacea,geryon trispinus,red crab
Crustacea,stenopus hispidus,coral banded shrimp
Crustacea,balanus crenatus,ivory barnacle
Crustacea,limulus polyphemus,horseshoe crab
Crustacea,leander serratus,common prawn
Crustacea,birgus latro,coconut crab
Crustacea,cypridina hilgendorfii,luminescent ostracod
Crustacea,planes minutus,raft crab
Crustacea,caprella linearis,skeleton shrimp
Crustacea,eurydice pulchra,isopod
Crustacea,loxorhynchus crispatus,decorator crab
Crustacea,macrobrachium rosenbergii,giant freshwater prawn
Crustacea,pseudocarcinus maia,tasmanian giant crab
Crustacea,hyas araneus,spider crab
Crustacea,portunus pelagicus,blue swimmer crab
Crustacea,ligia oceanica,sea slater
Crustacea,daphnia magna,water flea
Crustacea,hemigrapsus oregonensis,oregon shore crab
Crustacea,mysis relicta,mysid shrimp
Crustacea,talitrus saltator,sand hopper
Crustacea,eriphia verrucosa,warty crab
Crustacea,paralithodes camtschaticus,king crab
Crustacea,bodotria scorpioides,cumacean
Crustacea,carcinus maenas,european shore crab
Crustacea,penaeus setiferus,white shrimp
Crustacea,rhithropanopeus harrisii,mud crab
Crustacea,eriphia spinifrons,hairy crab
Crustacea,amphibalanus amphitrite,striped barnacle
Crustacea,bresilia plumifera,bresilia shrimp
Crustacea,ocypode quadrata,ghost crab
Crustacea,tanais cavolinii,tanaid
Crustacea,amphibalanus improvisus,bay barnacle
Crustacea,aporcellana sayana,porcelain crab
Crustacea,sicyonia brevirostris,royal red shrimp
Crustacea,emerita analoga,mole crab
Crustacea,gecarcoidea natalis,christmas island red crab
Crustacea,bathynomus giganteus,giant isopod
Crustacea,callianassa subterranea,mud shrimp
Crustacea,crangon crangon,brown shrimp
Crustacea,uca pugnax,atlantic fiddler crab
Crustacea,halocaridina rubra,hawaiian red shrimp
Crustacea,procambarus clarkii,red swamp crayfish
Crustacea,lithodes maja,european spider crab
Crustacea,paralomis granulosa,chilean king crab
Crustacea,callinectes sapidus,blue crab
Crustacea,galathea strigosa,squat lobster
Crustacea,pontophilus norvegicus,deep-sea prawn
Crustacea,palaemon adspersus,baltic prawn
Crustacea,uca tangeri,red fiddler crab
Crustacea,panulirus interruptus,california spiny lobster
Crustacea,kryptopotamoides andersoni,freshwater crab
Crustacea,bathycaris bradfordi,deep-sea shrimp
Crustacea,cancer pagurus,edible crab
Crustacea,planes cyaneus,pelagic crab
Crustacea,hemigrapsus nudus,purple shore crab
Crustacea,sesarme cinereum,marsh crab
Crustacea,grapsus grapsus,sally lightfoot crab
Crustacea,stenorhynchus seticornis,arrow crab
Crustacea,gammarus pulex,freshwater shrimp
Crustacea,pachygrapsus marmoratus,marbled rock crab
Crustacea,cancer borealis,jonah crab
Crustacea,atya gabonensis,african filter shrimp
Crustacea,cardisoma carnifex,land crab
Crustacea,chionoecetes bairdi,tanner crab
Crustacea,pinnotheres pisum,pea crab
Insecta,carausius morosus,indian stick insect
Insecta,vanessa atalanta,red admiral butterfly
Insecta,pulex irritans,human flea
Insecta,forficula auricularia,common earwig
Insecta,cryptotermes brevis,furniture termite
Insecta,myzus persicae,green peach aphid
Insecta,zoraptera spp.,angel insect
Insecta,hymenoptera spp.,wasp
Insecta,lygus lineolaris,tarnished plant bug
Insecta,dermaptera spp.,earwig
Insecta,sympetrum striolatum,common darter
Insecta,mastotermes darwiniensis,giant termite
Insecta,metaptera spp.,metaptera
Insecta,chorthippus brunneus,field grasshopper
Insecta,bittacus nervosus,hangingfly
Insecta,osmia spp.,mason bee
Insecta,pediculus humanus corporis,body louse
Insecta,cimex lectularius,bed bug
Insecta,xenos vesparum,xenos vesparum
Insecta,actias luna,luna moth
Insecta,baetis rhodani,mayfly
Insecta,isoptera spp.,termite
Insecta,elenchus tenuicornis,elenchus tenuicornis
Insecta,danaus plexippus,monarch butterfly
Insecta,mantophasma zephyra,heelwalker
Insecta,cicada orni,ornate cicada
Insecta,blattella germanica,german cockroach
Insecta,halictus spp.,sweat bee
Insecta,orthoptera spp.,grasshopper
Insecta,hemiptera spp.,true bug
Insecta,drosophila melanogaster,fruit fly
Insecta,antheraea polyphemus,polyphemus moth
Insecta,xenopsylla cheopis,oriental rat flea
Insecta,pthirus pubis,crab louse
Insecta,calliphora vomitoria,blue bottle fly
Insecta,neuroptera spp.,lacewing
Insecta,siphonaptera spp.,flea
Insecta,apis cerana,asian honey bee
Insecta,camponotus pennsylvanicus,black carpenter ant
Insecta,frankliniella occidentalis,western flower thrips
Insecta,phthiraptera spp.,louse
Insecta,harmonia axyridis,harlequin ladybird
Insecta,papilio machaon,old world swallowtail butterfly
Insecta,pieris rapae,small white butterfly
Insecta,nezara viridula,southern green stink bug
Insecta,megachile rotundata,alfalfa leafcutter bee
Insecta,andrena spp.,mining bee
Insecta,pediculus humanus capitis,head louse
Insecta,grylloblatta campodeiformis,ice crawler
Insecta,ctenocephalides felis,cat flea
Insecta,manduca sexta,tobacco hornworm
Insecta,reticulitermes flavipes,eastern subterranean termite
Insecta,tribolium castaneum,red flour beetle
Insecta,panorpa communis,common scorpionfly
Insecta,aphididae spp.,aphid
Insecta,thysanoptera spp.,thrips
Insecta,thrips tabaci,onion thrips
Insecta,lucanus cervus,stag beetle
Insecta,dynastes hercules,hercules beetle
Insecta,tettigonia viridissima,great green bush-cricket
Insecta,isoperla grammatica,stonefly
Insecta,formica rufa,red wood ant
Insecta,vespula vulgaris,common wasp
Insecta,phasmatodea spp.,stick insect
Insecta,apis mellifera,honey bee
Insecta,gryllus domesticus,house cricket
Insecta,coleoptera spp.,beetle
Insecta,labia minor,lesser earwig
Insecta,mecoptera spp.,scorpionfly
Insecta,embioptera spp.,webspinner
Insecta,bombus terrestris,buff-tailed bumblebee
Insecta,sarcophaga carnaria,flesh fly
Insecta,anopheles gambiae,african malaria mosquito
Insecta,eristalis tenax,drone fly
Insecta,locusta migratoria,migratory locust
Insecta,periplaneta americana,american cockroach
Insecta,curculio nucum,nut weevil
Insecta,melanoplus femurrubrum,red-legged grasshopper
Insecta,plutella xylostella,diamondback moth
Insecta,coccinella septempunctata,seven-spotted ladybug
Insecta,tenebrio molitor,mealworm beetle
Insecta,lasius niger,black garden ant
Insecta,lepidoptera spp.,moth
Insecta,acyrthosiphon pisum,pea aphid
Insecta,hydropsyche pellucidula,caddisfly
Insecta,chrysoperla carnea,common green lacewing
Insecta,odonata spp.,dragonfly
Insecta,romalea microptera,eastern lubber grasshopper
Insecta,diptera spp.,fly
Insecta,solenopsis invicta,red imported fire ant
Insecta,polistes dominula,european paper wasp
Insecta,colias croceus,clouded yellow butterfly
Insecta,calopteryx virgo,banded demoiselle
Insecta,cetonia aurata,rose chafer
Insecta,zootermopsis angusticollis,dampwood termite
Insecta,mantis religiosa,european mantis
Insecta,strepsiptera spp.,twisted-wing parasite
Insecta,aglais urticae,small tortoiseshell butterfly
Insecta,myrmeleon formicarius,antlion
Insecta,stenopelmatus fuscus,jerusalem cricket
Mammalia,dipus sagitta,northern three-toed jerboa
Mammalia,tarsius tarsier,spectral tarsier
Mammalia,didelphis virginiana,virginia opossum
Mammalia,castor canadensis,north american beaver
Mammalia,equus ferus caballus,horse
Mammalia,bos taurus,cow
Mammalia,martes martes,pine marten
Mammalia,callithrix jacchus,common marmoset
Mammalia,cebus capucinus,white-faced capuchin
Mammalia,microtus ochrogaster,prairie vole
Mammalia,capra aegagrus hircus,goat
Mammalia,canis lupus familiaris,dog
Mammalia,kobus kob,kob
Mammalia,rangifer tarandus,reindeer
Mammalia,aepyceros melampus,impala
Mammalia,zaedyus pichiy,pichi armadillo
Mammalia,neofelis nebulosa,clouded leopard
Mammalia,mephitis mephitis,striped skunk
Mammalia,tarsius syrichta,philippine tarsier
Mammalia,macaca mulatta,rhesus macaque
Mammalia,pseudoryx ngelatienesis,saola
Mammalia,galeopterus variegatus,sunda flying lemur
Mammalia,vulpes lagopus,arctic fox
Mammalia,saguinus oedipus,cotton-top tamarin
Mammalia,hydropotes inermis,water deer
Mammalia,okapia johnstoni,okapi
Mammalia,lepus europaeus,european hare
Mammalia,equus przewalskii,przewalski's horse
Mammalia,camelus dromedarius,dromedary camel
Mammalia,ovis canadensis,bighorn sheep
Mammalia,ovis aries,sheep
Mammalia,hylobates lar,lar gibbon
Mammalia,lynx lynx,eurasian lynx
Mammalia,cavia porcellus,guinea pig
Mammalia,diceros bicornis,black rhinoceros
Mammalia,herpestes ichneumon,egyptian mongoose
Mammalia,ursus americanus,american black bear
Mammalia,delphinus delphis,common dolphin
Mammalia,felis catus,cat
Mammalia,camelus bactrianus,bactrian camel
Mammalia,acinonyx jubatus,cheetah
Mammalia,tragelaphus eurycerus,bongo
Mammalia,elephas maximus,asian elephant
Mammalia,pipistrellus pipistrellus,common pipistrelle
Mammalia,lutra lutra,eurasian otter
Mammalia,lepilemur rufescens,red-bellied lemur
Mammalia,tapirus terrestris,brazilian tapir
Mammalia,marmota marmota,alpine marmot
Mammalia,otolemur garnettii,small-eared galago
Mammalia,lontra canadensis,north american river otter
Mammalia,hydrurga leptonyx,leopard seal
Mammalia,dipodomys ordii,ord's kangaroo rat
Mammalia,rhynchocyon chrysopus,golden-rumped elephant shrew
Mammalia,ursus arctos,brown bear
Mammalia,trichechus manatus,west indian manatee
Mammalia,loxodonta africana,african elephant
Mammalia,pontoporia blainvillei,la plata dolphin
Mammalia,chrysocyon brachyurus,maned wolf
Mammalia,condylura cristata,star-nosed mole
Mammalia,mustela putorius furo,ferret
Mammalia,procyon lotor,raccoon
Mammalia,kangaroo giganteus,red kangaroo
Mammalia,sciurus vulgaris,red squirrel
Mammalia,sciurus carolinensis,eastern gray squirrel
Mammalia,glaucomys volans,southern flying squirrel
Mammalia,thalarctos maritimus,polar bear
Mammalia,manis temminckii,ground pangolin
Mammalia,canis lupus,wolf
Mammalia,sus scrofa,wild boar
Mammalia,lama glama,llama
Mammalia,cephalorhynchus commersonii,commerson's dolphin
Mammalia,puma concolor,cougar
Mammalia,lemur catta,ring-tailed lemur
Mammalia,phoca vitulina,harbor seal
Mammalia,petaurus breviceps,sugar glider
Mammalia,perameles gunnii,eastern barred bandicoot
Mammalia,hystrix cristata,crested porcupine
Mammalia,mazama americana,red brocket deer
Mammalia,enhydra lutris,sea otter
Mammalia,camelopardalis camelopardalis,giraffe
Mammalia,vulpes vulpes,red fox
Mammalia,bos grunniens,yak
Mammalia,monotremata,echidna
Mammalia,viverra zibetha,large indian civet
Mammalia,gulo gulo,wolverine
Mammalia,cheirogaleus medius,fat-tailed dwarf lemur
Mammalia,rattus norvegicus,brown rat
Mammalia,helarctos malayanus,sun bear
Mammalia,dasyprocta aguti,agouti
Mammalia,setonix brachyurus,quokka
Mammalia,odobenus rosmarus,walrus
Mammalia,antilocapra americana,pronghorn
Mammalia,tragelaphus angasii,nyala
Mammalia,vulpes zerda,fennec fox
Mammalia,colobus guereza,eastern black-and-white colobus
Mammalia,ototemys irroratus,marsh rat
Mammalia,panthera pardus,leopard
Mammalia,dasypus novemcinctus,nine-banded armadillo
Mammalia,xerus erythropus,striped ground squirrel
Mammalia,bubalus arnee,wild water buffalo
Mammalia,sus scrofa domesticus,pig
Mammalia,chinchilla lanigera,chinchilla
Mammalia,lycaon pictus,african wild dog
Mammalia,talpa europaea,european mole
Mollusca,littorina littorea,common periwinkle
Mollusca,oliva porphyria,porphyry olive
Mollusca,aplysia punctata,sea hare
Mollusca,calyptraea chinensis,chinese hat snail
Mollusca,erosaria erosa,eroded cowrie
Mollusca,katelysia rhytiphora,katelysia clam
Mollusca,littorina saxatilis,rough periwinkle
Mollusca,ischnochiton,ischnochiton
Mollusca,laevistrombus canarium,dog conch
Mollusca,mysella bidentata,bidentate mysella
Mollusca,acanthochitona crinita,hairy chiton
Mollusca,cypraea tigris,tiger cowrie
Mollusca,bela minuta,small pointed shell
Mollusca,melibe viridis,hooded nudibranch (nudibranchs are mollusks)
Mollusca,bathyarca glacialis,glacial ark
Mollusca,chlamys varia,variable scallop
Mollusca,echinolittorina malaccana,malacca periwinkle
Mollusca,haliotis tuberculata,ormer
Mollusca,voluta musica,music volute
Mollusca,mactra corallina,rayed trough shell
Mollusca,xenophora conchyliophora,carrier shell
Mollusca,gymnotus carapo,electric eel
Mollusca,octopus vulgaris,common octopus
Mollusca,murex brandaris,purple dye murex
Mollusca,strophocheilus oblongus,giant land snail
Mollusca,macoma balthica,baltic tellin
Mollusca,acmaea testudinalis,tortoiseshell limpet
Mollusca,cerastoderma glaucum,lagoon cockle
Mollusca,busycotypus canaliculatus,channel whelk
Mollusca,gonatus fabricii,fabricii's squid
Mollusca,eobania vermiculata,chocolate-banded snail
Mollusca,limaria hians,file shell
Mollusca,ovula ovum,egg cowrie
Mollusca,siphonaria pectinata,false limpet
Mollusca,architectonica perspectiva,sundial shell
Mollusca,ostrea edulis,european flat oyster
Mollusca,helcion pellucidum,blue-rayed limpet
Mollusca,emarginula fissura,keyhole limpet
Mollusca,tellina tenuis,thin tellin
Mollusca,strombus gigas,queen conch
Mollusca,aequipecten opercularis,queen scallop
Mollusca,placuna placenta,windowpane oyster
Mollusca,pseudochama gryphoides,false jewel box
Mollusca,nautilus pompilius,chambered nautilus
Mollusca,sepioteuthis sepioidea,caribbean reef squid
Mollusca,adalaria proxima,white-spotted sea slug
Mollusca,tapes decussatus,carpet shell
Mollusca,scutus unguis,shield shell
Mollusca,pecten maximus,great scallop
Mollusca,dentalium elephantinum,elephant tusk shell
Mollusca,glycymeris glycymeris,dog cockle
Mollusca,venerupis rhomboides,rhomboid venus
Mollusca,fiona pinnata,fiona
Mollusca,crassostrea gigas,pacific oyster
Mollusca,eledone cirrhosa,curled octopus
Mollusca,busycon carica,knobbed whelk
Mollusca,trivia monacha,european cowrie
Mollusca,pomacea canaliculata,apple snail
Mollusca,achatina fulica,giant african snail
Mollusca,neptunea antiqua,red whelk
Mollusca,montaguia fragilis,fragile montaguia
Mollusca,pecten jacobaeus,mediterranean scallop
Mollusca,argonauta argo,paper nautilus
Mollusca,loligo vulgaris,european squid
Mollusca,polinices duplicatus,moon snail
Mollusca,dendronotus frondosus,tree-like nudibranch
Mollusca,spirula spirula,ram's horn squid
Mollusca,pinna nobilis,noble pen shell
Mollusca,viviparus viviparus,river snail
Mollusca,gari depressa,sunset clam
Mollusca,charonia tritonis,triton's trumpet
Mollusca,pinctada margaritifera,pearl oyster
Mollusca,kelletia kelletii,kellet's whelk
Mollusca,cylindrus obtusus,blunt cylindrus
Mollusca,nucella lapillus,dog whelk
Mollusca,dosinia exoleta,rayed artemis
Mollusca,anadara granosa,granular ark
Mollusca,helix pomatia,roman snail
Mollusca,lymnaea stagnalis,great pond snail
Mollusca,cardium edule,cockle
Mollusca,margarites helicinus,helicine top shell
Mollusca,epitonium clathrus,ladder whelk
Mollusca,fulgoraria,fulgoraria
Mollusca,pterotrachea coronata,heteropod snail
Mollusca,pedicularia sicula,pedicularia
Mollusca,buccinum undatum,whelk
Mollusca,nucula nitida,nut clam
Mollusca,rapana venosa,veined rapa whelk
Mollusca,discus rotundatus,round snail
Mollusca,turritella communis,tower shell
Mollusca,neptunea lyrata,lyrata whelk
Mollusca,archachatina marginata,giant west african snail
Mollusca,corbicula fluminea,asian clam
Mollusca,amphibola crenata,mud snail
Mollusca,lima lima,flame scallop
Mollusca,pholas dactylus,piddock
Mollusca,gastropods,gastropods
Mollusca,cardita variegata,variegated cardita
Mollusca,arctica islandica,ocean quahog
Mollusca,helix aspersa,garden snail
Pisces,microgadus tomcod,atlantic tomcod
Pisces,cynoscion nebulosus,spotted seatrout
Pisces,arius felis,hardhead catfish
Pisces,tautoga onitis,tautog
Pisces,pangasianodon hypophthalmus,basa fish
Pisces,perca fluviatilis,european perch
Pisces,aristichthys nobilis,bighead carp
Pisces,alosa fallax,twaite shad
Pisces,tinca tinca,tench
Pisces,chanos chanos,milkfish
Pisces,eptatretus stoutii,pacific hagfish
Pisces,dasyatis pastinaca,common stingray
Pisces,thalassoma bifasciatum,bluehead wrasse
Pisces,channa argus,northern snakehead
Pisces,pollachius virens,saithe
Pisces,fistularia commersonii,bluespotted cornetfish
Pisces,anoplopoma fimbria,sablefish
Pisces,auxis rochei,bullet tuna
Pisces,sardinops sagax,pacific sardine
Pisces,cottus gobio,bullhead
Pisces,sarotherodon melanotheron,blackchin tilapia
Pisces,isurus oxyrinchus,shortfin mako
Pisces,engraulis encrasicolus,european anchovy
Pisces,siganus fuscescens,mottled rabbitfish
Pisces,kryptopterus bicirrhis,glass catfish
Pisces,liza aurata,golden grey mullet
Pisces,holocentrus adscensionis,squirrelfish
Pisces,pampus argenteus,silver pomfret
Pisces,hypophthalmichthys molitrix,silver carp
Pisces,oncorhynchus kisutch,coho salmon
Pisces,cephalopholis argus,peacock hind
Pisces,xiphias gladius,swordfish
Pisces,pomatomus saltatrix,bluefish
Pisces,hexanchus griseus,sixgill shark
Pisces,pomadasys corvina,silver seabream
Pisces,serranus scriba,comber
Pisces,sander lucioperca,zander
Pisces,bathylagus antarcticus,antarctic silverfish
Pisces,dissostichus mawsoni,patagonian toothfish
Pisces,euthynnus alletteratus,little tunny
Pisces,pleuronectes platessa,european plaice
Pisces,sphyraena barracuda,great barracuda
Pisces,brachydanio rerio,zebrafish
Pisces,perca flavescens,yellow perch
Pisces,hoplostethus atlanticus,orange roughy
Pisces,pterois volitans,lionfish
Pisces,lepidopodus caudatus,silver scabbardfish
Pisces,cyclopterus lumpus,lumpfish
Pisces,sciaenops ocellatus,red drum
Pisces,gadiculus argenteus,silvery pout
Pisces,thunnus albacares,yellowfin tuna
Pisces,gasterosteus aculeatus,three-spined stickleback
Pisces,silurus glanis,wels catfish
Pisces,salvelinus alpinus,arctic char
Pisces,anchoa mitchilli,bay anchovy
Pisces,coryphaena hippurus,dorado
Pisces,microstomus kitt,lemon sole
Pisces,diplodus sargus,white seabream
Pisces,pollachius pollachius,pollock
Pisces,brycon orbignyanus,sabalo
Pisces,parachaenichthys charcoti,antarctic icefish
Pisces,paralichthys lethostigma,southern flounder
Pisces,acanthopagrus latus,japanese bream
Pisces,chromis chromis,damselfish
Pisces,decapterus macarellus,mackerel scad
Pisces,auxis thazard,frigate tuna
Pisces,megalops atlanticus,tarpon
Pisces,mustelus asterias,starry smooth-hound
Pisces,galeorhinus galeus,tope shark
Pisces,elops saurus,ladyfish
Pisces,citharichthys sordidus,pacific sanddab
Pisces,poecilia reticulata,guppy
Pisces,sebastes caurinus,copper rockfish
Pisces,mylopharyngodon piceus,black carp
Pisces,glyptocephalus cynoglossus,witch flounder
Pisces,gadus macrocephalus,pacific cod
Pisces,abramis brama,common bream
Pisces,oryzias latipes,medaka
Pisces,petromyzon marinus,sea lamprey
Pisces,umbrina cirrosa,shi drum
Pisces,hypoplectrus puella,hamlet
Pisces,euthynnus affinis,kawakawa
Pisces,caranx crysos,blue runner
Pisces,symbolophorus barnardi,lanternfish
Pisces,torpedo marmorata,marbled electric ray
Pisces,emmelichthyops ruber,ruby snapper
Pisces,centrolabrus exoletus,rock cook
Pisces,blicca bjoerkna,silver bream
Pisces,clupea pallasii,pacific herring
Pisces,barbodes gonionotus,java barb
Pisces,dicentrarchus labrax,european sea bass
Pisces,epinephelus marginatus,dusky grouper
Pisces,johnius belangerii,croaker
Pisces,ellochelon vaigiensis,squaretail mullet
Pisces,argentina silus,greater argentine
Pisces,lamna nasus,porbeagle shark
Pisces,limanda limanda,dab
Pisces,rhincodon typus,whale shark
Pisces,alosa alosa,allis shad
Pisces,tetraodon nigroviridis,green pufferfish
Reptilia,hypsiglena torquata,nightsnake
Reptilia,kachuga kachuga,brown roof turtle
Reptilia,lachesis muta,bushmaster
Reptilia,thamnophis elegans,western terrestrial garter snake
Reptilia,acanthophis antarcticus,death adder
Reptilia,darevskia caucasica,caucasian rock lizard
Reptilia,acontias plumbeus,legless skink
Reptilia,oligodon cyclurus,brown kukri snake
Reptilia,zophosaurus robustus,robust burrowing skink
Reptilia,brookesia minima,dwarf chameleon
Reptilia,salvator merianae,tegu
Reptilia,crocodylus niloticus,nile crocodile
Reptilia,dipsas indica,indian snail-eater
Reptilia,terrapene carolina,eastern box turtle
Reptilia,mastigodryas melanolomus,black-striped whipsnake
Reptilia,sistrurus catenatus,massasauga
Reptilia,crocodylus porosus,saltwater crocodile
Reptilia,hemidactylus turcicus,mediterranean gecko
Reptilia,anolis equestris,knight anole
Reptilia,platyceps collaris,collared snake
Reptilia,leptotyphlops dulcis,slender blind snake
Reptilia,platemys platycephala,twist-necked turtle
Reptilia,thamnophis marcianus,checkered garter snake
Reptilia,thamnophis sirtalis,common garter snake
Reptilia,scincus scincoides,australian sand swimmer
Reptilia,sistrurus miliarius,pygmy rattlesnake
Reptilia,calumma parsonii,parson's chameleon
Reptilia,pseudocordylus melanotus,black-throated zulu lizard
Reptilia,agkistrodon contortrix,copperhead
Reptilia,micrurus fulvius,eastern coral snake
Reptilia,dibamus novaeguineae,blind lizard
Reptilia,oxyrhopus petolarius,false coral snake
Reptilia,indotestudo forstenii,sulawesi tortoise
Reptilia,anguis fragilis,slow worm
Reptilia,coniophanes fissidens,variable ground snake
Reptilia,aspidoscelis tigris,tiger whiptail
Reptilia,imantodes cenchoa,jungle cat snake
Reptilia,vipera aspis,asp viper
Reptilia,python bivittatus,burmese python
Reptilia,stenocercus iridescens,rainbow lizard
Reptilia,crocodylus moreletii,morelet's crocodile
Reptilia,cyrtodactylus kotschyi,kotschy's gecko
Reptilia,agama agama,red-headed rock agama
Reptilia,lygodactylus williamsi,electric blue gecko
Reptilia,bavayia madjo,new caledonian gecko
Reptilia,leiocephalus carinatus,cuban rock iguana
Reptilia,anolis carolinensis,carolina anole
Reptilia,uta stansburiana,side-blotched lizard
Reptilia,anarbynchus frontalis,frontal shieldtail
Reptilia,eryx jayakari,arabian sand boa
Reptilia,gerrhosaurus flavigularis,yellow-throated plated lizard
Reptilia,lanthanotus borneensis,earless monitor lizard
Reptilia,hypnale hypnale,hump-nosed viper
Reptilia,acanthurus capra,mountain horned dragon
Reptilia,kinosternon flavescens,yellow mud turtle
Reptilia,crotalus adamanteus,eastern diamondback rattlesnake
Reptilia,bachia bresslaui,bresslau's worm lizard
Reptilia,sanzinia madagascariensis,madagascar ground boa
Reptilia,scincus scincus,sandfish skink
Reptilia,scolecophis braminus,flowerpot snake
Reptilia,xenosaurus grandis,knob-scaled lizard
Reptilia,ctenophorus decresii,tawny dragon
Reptilia,lepidodactylus lugubris,mourning gecko
Reptilia,gymnophthalmus speciosus,spectacled tegu
Reptilia,draco volans,flying dragon
Reptilia,python regius,ball python
Reptilia,epacrisia cretensis,cretan wall lizard
Reptilia,blanus cinereus,iberian worm lizard
Reptilia,chilabothrus angulifer,cuban boa
Reptilia,antaresia maculosus,spotted python
Reptilia,eumeces schneideri,schneider's skink
Reptilia,tribolonotus gracilis,red-eyed crocodile skink
Reptilia,liolaemus chiliensis,chilean tree lizard
Reptilia,testudo hermanni,hermann's tortoise
Reptilia,caiman crocodilus,spectacled caiman
Reptilia,ophiophagus hannah,king cobra
Reptilia,glyptemys insculpta,wood turtle
Reptilia,boiga dendrophila,mangrove snake
Reptilia,bitis arietans,puff adder
Reptilia,graptemys geographica,northern map turtle
Reptilia,chelonia mydas,green sea turtle
Reptilia,plestiodon fasciatus,five-lined skink
Reptilia,sauromalus obesus,bluff iguana
Reptilia,atretium schistosum,olive keelback
Reptilia,bolyeria multicarinata,round island boa
Reptilia,daboia russelii,russell's viper
Reptilia,varanus komodoensis,komodo dragon
Reptilia,gavialis gangeticus,gharial
Reptilia,dermochelys coriacea,leatherback sea turtle
Reptilia,hydromedusa tectifera,south american snake-necked turtle
Reptilia,xantusia vigilis,desert night lizard
Reptilia,strophurus ciliaris,eastern spiny-tailed gecko
Reptilia,alligator mississippiensis,american alligator
Reptilia,crotalus durissus,south american rattlesnake
Reptilia,tantilla relicta,brown centipede snake
Reptilia,uromastyx ornata,ornate spiny-tailed lizard
Reptilia,liasis amethistinus,amethystine python
Reptilia,opheodrys vernalis,smooth green snake
Reptilia,orlitia borneensis,bornean river turtle
Reptilia,uroplatus phantasticus,satanic leaf-tailed gecko
